game_id,url
105049,//images.igdb.com/igdb/image/upload/t_thumb/ar4pj.jpg
105049,//images.igdb.com/igdb/image/upload/t_thumb/ar5dm.jpg
113344,//images.igdb.com/igdb/image/upload/t_thumb/ar5vm.jpg
113344,//images.igdb.com/igdb/image/upload/t_thumb/ar5vn.jpg
19164,//images.igdb.com/igdb/image/upload/t_thumb/ar5cl.jpg
19164,//images.igdb.com/igdb/image/upload/t_thumb/ar5cj.jpg
19164,//images.igdb.com/igdb/image/upload/t_thumb/ar5ck.jpg
1877,//images.igdb.com/igdb/image/upload/t_thumb/laqjo2f5uv8ie9fdgtsc.jpg
1877,//images.igdb.com/igdb/image/upload/t_thumb/pgrmxtckblxm3pfdu5hu.jpg
1877,//images.igdb.com/igdb/image/upload/t_thumb/ig0frvvkkz4jx7cyqt3f.jpg
1877,//images.igdb.com/igdb/image/upload/t_thumb/c6gonpyuhueh0eq38n8l.jpg
1877,//images.igdb.com/igdb/image/upload/t_thumb/v76vzx1jwsi05aarxv5r.jpg
1877,//images.igdb.com/igdb/image/upload/t_thumb/ar4dl.jpg
1877,//images.igdb.com/igdb/image/upload/t_thumb/ar4dm.jpg
1877,//images.igdb.com/igdb/image/upload/t_thumb/mqzaud5keolt57tmezrf.jpg
1877,//images.igdb.com/igdb/image/upload/t_thumb/s4wg0f824aqg3e7zqwvb.jpg
1877,//images.igdb.com/igdb/image/upload/t_thumb/whzi8cruaewea9k2tbgn.jpg
1877,//images.igdb.com/igdb/image/upload/t_thumb/j3edunidfkbuivcingaw.jpg
1877,//images.igdb.com/igdb/image/upload/t_thumb/ar5vz.jpg
1877,//images.igdb.com/igdb/image/upload/t_thumb/ar682.jpg
115653,//images.igdb.com/igdb/image/upload/t_thumb/ar54z.jpg
115653,//images.igdb.com/igdb/image/upload/t_thumb/ar5wf.jpg
115653,//images.igdb.com/igdb/image/upload/t_thumb/ar5wg.jpg
115653,//images.igdb.com/igdb/image/upload/t_thumb/ar6co.jpg
36198,//images.igdb.com/igdb/image/upload/t_thumb/ar4iy.jpg
36198,//images.igdb.com/igdb/image/upload/t_thumb/ar4ix.jpg
36198,//images.igdb.com/igdb/image/upload/t_thumb/ar4iz.jpg
36198,//images.igdb.com/igdb/image/upload/t_thumb/ar4j0.jpg
96217,//images.igdb.com/igdb/image/upload/t_thumb/ar5ov.jpg
55038,//images.igdb.com/igdb/image/upload/t_thumb/ar4hj.jpg
55038,//images.igdb.com/igdb/image/upload/t_thumb/ar4hp.jpg
55038,//images.igdb.com/igdb/image/upload/t_thumb/ar4hh.jpg
55038,//images.igdb.com/igdb/image/upload/t_thumb/ar4hl.jpg
55038,//images.igdb.com/igdb/image/upload/t_thumb/ar4hk.jpg
55038,//images.igdb.com/igdb/image/upload/t_thumb/ar4hq.jpg
55038,//images.igdb.com/igdb/image/upload/t_thumb/ar4ho.jpg
55038,//images.igdb.com/igdb/image/upload/t_thumb/ar4hi.jpg
55038,//images.igdb.com/igdb/image/upload/t_thumb/ar4hg.jpg
55038,//images.igdb.com/igdb/image/upload/t_thumb/ar4hm.jpg
55038,//images.igdb.com/igdb/image/upload/t_thumb/ar4hr.jpg
55038,//images.igdb.com/igdb/image/upload/t_thumb/ar4hn.jpg
55190,//images.igdb.com/igdb/image/upload/t_thumb/ar4xf.jpg
114286,//images.igdb.com/igdb/image/upload/t_thumb/ar60m.jpg
80916,//images.igdb.com/igdb/image/upload/t_thumb/gqh1lvnzo523ziqa3caf.jpg
80916,//images.igdb.com/igdb/image/upload/t_thumb/qolrqyfyyfpjmh2btnif.jpg
25311,//images.igdb.com/igdb/image/upload/t_thumb/lboswrhnoln9sziemay0.jpg
25311,//images.igdb.com/igdb/image/upload/t_thumb/diussk5sjhyq37gvldkn.jpg
25311,//images.igdb.com/igdb/image/upload/t_thumb/vflpmd1oqtbyt1qmdmis.jpg
25311,//images.igdb.com/igdb/image/upload/t_thumb/mjdvouhgttn01ewvagcs.jpg
27092,//images.igdb.com/igdb/image/upload/t_thumb/ewudlq0h1akfyj6be3r6.jpg
27092,//images.igdb.com/igdb/image/upload/t_thumb/msj0assmycswqdjzlzkx.jpg
27092,//images.igdb.com/igdb/image/upload/t_thumb/k3y1uh1e8rm6g1uq0vmx.jpg
27092,//images.igdb.com/igdb/image/upload/t_thumb/ubnmeipzvd9wq3vbx90k.jpg
27092,//images.igdb.com/igdb/image/upload/t_thumb/ggtjiqcrfkioqeolgltv.jpg
27092,//images.igdb.com/igdb/image/upload/t_thumb/qrdvshwkob45pa6hkdve.jpg
27092,//images.igdb.com/igdb/image/upload/t_thumb/o5gx0qn2egpauitiegnu.jpg
27092,//images.igdb.com/igdb/image/upload/t_thumb/ar5x4.jpg
106987,//images.igdb.com/igdb/image/upload/t_thumb/grzjvo94buko97asbemx.jpg
106987,//images.igdb.com/igdb/image/upload/t_thumb/wzzoj46ti2abihvblqqw.jpg
111130,//images.igdb.com/igdb/image/upload/t_thumb/ar49d.jpg
55199,//images.igdb.com/igdb/image/upload/t_thumb/ar4wn.jpg
55984,//images.igdb.com/igdb/image/upload/t_thumb/ar6c7.jpg
28168,//images.igdb.com/igdb/image/upload/t_thumb/bfw1qwf8ygcwz7i8ipte.jpg
28168,//images.igdb.com/igdb/image/upload/t_thumb/jsoybbjnix9iwefmorfr.jpg
28168,//images.igdb.com/igdb/image/upload/t_thumb/ar67x.jpg
18225,//images.igdb.com/igdb/image/upload/t_thumb/ar5hv.jpg
18225,//images.igdb.com/igdb/image/upload/t_thumb/ar5hw.jpg
18225,//images.igdb.com/igdb/image/upload/t_thumb/ar5hu.jpg
18225,//images.igdb.com/igdb/image/upload/t_thumb/ar5ht.jpg
18225,//images.igdb.com/igdb/image/upload/t_thumb/ar5hy.jpg
18225,//images.igdb.com/igdb/image/upload/t_thumb/ar5hx.jpg
18225,//images.igdb.com/igdb/image/upload/t_thumb/ar5hz.jpg
18225,//images.igdb.com/igdb/image/upload/t_thumb/ar5i1.jpg
18225,//images.igdb.com/igdb/image/upload/t_thumb/ar5i0.jpg
18225,//images.igdb.com/igdb/image/upload/t_thumb/ar5i2.jpg
18225,//images.igdb.com/igdb/image/upload/t_thumb/ar5hs.jpg
18225,//images.igdb.com/igdb/image/upload/t_thumb/ar5cp.jpg
113895,//images.igdb.com/igdb/image/upload/t_thumb/ar5b6.jpg
19564,//images.igdb.com/igdb/image/upload/t_thumb/cepvgymrtpjledmcljbd.jpg
19564,//images.igdb.com/igdb/image/upload/t_thumb/porotx4upzdqpesaywl1.jpg
19564,//images.igdb.com/igdb/image/upload/t_thumb/lcledoactdqw9jdugn5i.jpg
19564,//images.igdb.com/igdb/image/upload/t_thumb/fq9mae2ruszujzbybiif.jpg
23345,//images.igdb.com/igdb/image/upload/t_thumb/ar5mq.jpg
23345,//images.igdb.com/igdb/image/upload/t_thumb/ar5mr.jpg
23345,//images.igdb.com/igdb/image/upload/t_thumb/ar5ms.jpg
23345,//images.igdb.com/igdb/image/upload/t_thumb/ar5mt.jpg
23345,//images.igdb.com/igdb/image/upload/t_thumb/ar5mv.jpg
23345,//images.igdb.com/igdb/image/upload/t_thumb/ar5my.jpg
23345,//images.igdb.com/igdb/image/upload/t_thumb/ar5mw.jpg
23345,//images.igdb.com/igdb/image/upload/t_thumb/ar5mu.jpg
23345,//images.igdb.com/igdb/image/upload/t_thumb/ar5mz.jpg
23345,//images.igdb.com/igdb/image/upload/t_thumb/ar5n0.jpg
23345,//images.igdb.com/igdb/image/upload/t_thumb/ar5mx.jpg
23345,//images.igdb.com/igdb/image/upload/t_thumb/ar5n1.jpg
55036,//images.igdb.com/igdb/image/upload/t_thumb/ar4di.jpg
55036,//images.igdb.com/igdb/image/upload/t_thumb/ar4dj.jpg
55036,//images.igdb.com/igdb/image/upload/t_thumb/ak08ydnye2wkpamvhghs.jpg
55036,//images.igdb.com/igdb/image/upload/t_thumb/vjq7lbdasdhmsp99oved.jpg
55036,//images.igdb.com/igdb/image/upload/t_thumb/ar5cq.jpg
113360,//images.igdb.com/igdb/image/upload/t_thumb/ar5v7.jpg
113360,//images.igdb.com/igdb/image/upload/t_thumb/ar5v4.jpg
113360,//images.igdb.com/igdb/image/upload/t_thumb/ar5v3.jpg
113360,//images.igdb.com/igdb/image/upload/t_thumb/ar5vb.jpg
113360,//images.igdb.com/igdb/image/upload/t_thumb/ar5v8.jpg
113360,//images.igdb.com/igdb/image/upload/t_thumb/ar5v9.jpg
113360,//images.igdb.com/igdb/image/upload/t_thumb/ar5vd.jpg
113360,//images.igdb.com/igdb/image/upload/t_thumb/ar5vc.jpg
113360,//images.igdb.com/igdb/image/upload/t_thumb/ar5v5.jpg
113360,//images.igdb.com/igdb/image/upload/t_thumb/ar5v2.jpg
113360,//images.igdb.com/igdb/image/upload/t_thumb/ar5v6.jpg
113360,//images.igdb.com/igdb/image/upload/t_thumb/ar5va.jpg
105269,//images.igdb.com/igdb/image/upload/t_thumb/rmk9jox7tn2bpggnvmsu.jpg
47823,//images.igdb.com/igdb/image/upload/t_thumb/ar601.jpg
47823,//images.igdb.com/igdb/image/upload/t_thumb/ar6b3.jpg
14394,//images.igdb.com/igdb/image/upload/t_thumb/ar4sw.jpg
1942,//images.igdb.com/igdb/image/upload/t_thumb/focpusrcrxothhcspvva.jpg
1942,//images.igdb.com/igdb/image/upload/t_thumb/nzx7paeacyvpviji6022.jpg
1942,//images.igdb.com/igdb/image/upload/t_thumb/xblqrzuujkvqniqxyxuu.jpg
1942,//images.igdb.com/igdb/image/upload/t_thumb/azw3q6ggnru4hwmlansb.jpg
1942,//images.igdb.com/igdb/image/upload/t_thumb/dvyikxjxejnkhjaofzmt.jpg
1942,//images.igdb.com/igdb/image/upload/t_thumb/pj5z48so48o73xqqzbfp.jpg
1942,//images.igdb.com/igdb/image/upload/t_thumb/pwhylsl5nx0bgj5lz2ok.jpg
1942,//images.igdb.com/igdb/image/upload/t_thumb/wljha2ztkh9uuoq3vqvr.jpg
1942,//images.igdb.com/igdb/image/upload/t_thumb/lvtyjjjuouwq3wbgmoom.jpg
1942,//images.igdb.com/igdb/image/upload/t_thumb/tlmn8xicoz0j7j2ahxvy.jpg
1942,//images.igdb.com/igdb/image/upload/t_thumb/rwznddfodf1x5mmj8zva.jpg
1942,//images.igdb.com/igdb/image/upload/t_thumb/p6lhjientc4g7rnq6mhs.jpg
1942,//images.igdb.com/igdb/image/upload/t_thumb/noyr6v8gapsogymbwgc8.jpg
20342,//images.igdb.com/igdb/image/upload/t_thumb/ar5w3.jpg
1020,//images.igdb.com/igdb/image/upload/t_thumb/rrrqdvbz5lhuhqudjgza.jpg
1020,//images.igdb.com/igdb/image/upload/t_thumb/uzc3v8bb2gow8feq3eji.jpg
1020,//images.igdb.com/igdb/image/upload/t_thumb/gtng284ejjted82pncis.jpg
1020,//images.igdb.com/igdb/image/upload/t_thumb/ar4ig.jpg
1020,//images.igdb.com/igdb/image/upload/t_thumb/s7eojwfwa0viamaa68gs.jpg
1020,//images.igdb.com/igdb/image/upload/t_thumb/nsi3tc7jk2evyici425s.jpg
1020,//images.igdb.com/igdb/image/upload/t_thumb/lg34eavl7phmabgceods.jpg
1020,//images.igdb.com/igdb/image/upload/t_thumb/btyih5vofmjwex2tkm8w.jpg
1020,//images.igdb.com/igdb/image/upload/t_thumb/mqkw6ohfcnovwjkxtbue.jpg
1020,//images.igdb.com/igdb/image/upload/t_thumb/cxvw3qhv2qgvf71rjedb.jpg
1020,//images.igdb.com/igdb/image/upload/t_thumb/ar4ih.jpg
1020,//images.igdb.com/igdb/image/upload/t_thumb/ar4cy.jpg
103329,//images.igdb.com/igdb/image/upload/t_thumb/ar5c0.jpg
103329,//images.igdb.com/igdb/image/upload/t_thumb/ar5bz.jpg
103329,//images.igdb.com/igdb/image/upload/t_thumb/ar5c1.jpg
103329,//images.igdb.com/igdb/image/upload/t_thumb/ar5c2.jpg
119156,//images.igdb.com/igdb/image/upload/t_thumb/ar5p2.jpg
102584,//images.igdb.com/igdb/image/upload/t_thumb/bmikwoqio6bk78pmdbqq.jpg
102584,//images.igdb.com/igdb/image/upload/t_thumb/ar5vy.jpg
102584,//images.igdb.com/igdb/image/upload/t_thumb/ar5vx.jpg
102584,//images.igdb.com/igdb/image/upload/t_thumb/ar5vw.jpg
10032,//images.igdb.com/igdb/image/upload/t_thumb/ar6c9.jpg
55092,//images.igdb.com/igdb/image/upload/t_thumb/yqeedbcb4qccc7jedjac.jpg
55092,//images.igdb.com/igdb/image/upload/t_thumb/ueecet7xeqsomycwnece.jpg
55092,//images.igdb.com/igdb/image/upload/t_thumb/tuhejlcz88wkbxtiofzb.jpg
55092,//images.igdb.com/igdb/image/upload/t_thumb/tpafqqjrduu40gzalvrv.jpg
55092,//images.igdb.com/igdb/image/upload/t_thumb/bd3kbfpzrtaeenyv0qbl.jpg
55092,//images.igdb.com/igdb/image/upload/t_thumb/pdsmmyhgz3ghu9wsfrue.jpg
55092,//images.igdb.com/igdb/image/upload/t_thumb/cl6oe2vobug6fbh69aqv.jpg
55092,//images.igdb.com/igdb/image/upload/t_thumb/wyig1fqhcbqdkicb9onx.jpg
55092,//images.igdb.com/igdb/image/upload/t_thumb/ppmhlq3glvn7opevvg2m.jpg
55092,//images.igdb.com/igdb/image/upload/t_thumb/hqj2ad7soci9phxerq8t.jpg
33153,//images.igdb.com/igdb/image/upload/t_thumb/ar5xd.jpg
33153,//images.igdb.com/igdb/image/upload/t_thumb/ar5xc.jpg
33153,//images.igdb.com/igdb/image/upload/t_thumb/ar5xf.jpg
33153,//images.igdb.com/igdb/image/upload/t_thumb/ar5xe.jpg
103303,//images.igdb.com/igdb/image/upload/t_thumb/fbqttflv2mk5zb8olyot.jpg
106992,//images.igdb.com/igdb/image/upload/t_thumb/ar4og.jpg
36346,//images.igdb.com/igdb/image/upload/t_thumb/ar5ws.jpg
36346,//images.igdb.com/igdb/image/upload/t_thumb/ar5wt.jpg
113114,//images.igdb.com/igdb/image/upload/t_thumb/ar5qt.jpg
113114,//images.igdb.com/igdb/image/upload/t_thumb/ar67o.jpg
18011,//images.igdb.com/igdb/image/upload/t_thumb/ar5wc.jpg
54842,//images.igdb.com/igdb/image/upload/t_thumb/yr81zti6usqvly1oonpc.jpg
54842,//images.igdb.com/igdb/image/upload/t_thumb/jid40mlj1jtgakrb1a6a.jpg
103301,//images.igdb.com/igdb/image/upload/t_thumb/ar4pi.jpg
103301,//images.igdb.com/igdb/image/upload/t_thumb/ar5aq.jpg
103301,//images.igdb.com/igdb/image/upload/t_thumb/ar5cd.jpg
99118,//images.igdb.com/igdb/image/upload/t_thumb/kkhdwge97hazinrir7x5.jpg
8773,//images.igdb.com/igdb/image/upload/t_thumb/bam8ethlavzjjhnqbbmi.jpg
119177,//images.igdb.com/igdb/image/upload/t_thumb/ar6dr.jpg
19560,//images.igdb.com/igdb/image/upload/t_thumb/mzbexcviowvtbsgivzib.jpg
19560,//images.igdb.com/igdb/image/upload/t_thumb/vpr6s4gboxxmnhkdmqdg.jpg
19560,//images.igdb.com/igdb/image/upload/t_thumb/vmfdwfd36lh9eqiwtbtj.jpg
19560,//images.igdb.com/igdb/image/upload/t_thumb/m8vl75f1aunebleaa0zj.jpg
19560,//images.igdb.com/igdb/image/upload/t_thumb/ye6iswk51xxnhkzt9xt7.jpg
19560,//images.igdb.com/igdb/image/upload/t_thumb/loxt6mwmxy1ax5wby1yc.jpg
19560,//images.igdb.com/igdb/image/upload/t_thumb/tvl9vif6lw8sckkqyaj7.jpg
19560,//images.igdb.com/igdb/image/upload/t_thumb/mknszfnaifmhssbrmkpl.jpg
19560,//images.igdb.com/igdb/image/upload/t_thumb/thhohfsqjs1x77gyjg7b.jpg
19560,//images.igdb.com/igdb/image/upload/t_thumb/qk1zy9aqzgd3zovlsjmu.jpg
19560,//images.igdb.com/igdb/image/upload/t_thumb/hsmqoanieausaehauyk7.jpg
30245,//images.igdb.com/igdb/image/upload/t_thumb/ar4l8.jpg
25076,//images.igdb.com/igdb/image/upload/t_thumb/hzaj3aqkbxmb6hd7k7lc.jpg
25076,//images.igdb.com/igdb/image/upload/t_thumb/cuzmozb8widfr9aj8trf.jpg
25076,//images.igdb.com/igdb/image/upload/t_thumb/eutpbosgfblccztjkioz.jpg
25076,//images.igdb.com/igdb/image/upload/t_thumb/kmx67l3q1gqugxhg66zv.jpg
25076,//images.igdb.com/igdb/image/upload/t_thumb/nqtsfctiapng5xcmozyk.jpg
25076,//images.igdb.com/igdb/image/upload/t_thumb/swg128b5wtptafv5foo9.jpg
25076,//images.igdb.com/igdb/image/upload/t_thumb/m9ra5j7omj0gn554hkkg.jpg
25076,//images.igdb.com/igdb/image/upload/t_thumb/ar4ct.jpg
25076,//images.igdb.com/igdb/image/upload/t_thumb/vev3osrana2gzm9bdj3f.jpg
25076,//images.igdb.com/igdb/image/upload/t_thumb/l0kjrldascktx2kzqhbi.jpg
25076,//images.igdb.com/igdb/image/upload/t_thumb/asdntchzmz1kf3k0t79l.jpg
25076,//images.igdb.com/igdb/image/upload/t_thumb/kiwenuikpml3zbmgkf06.jpg
103292,//images.igdb.com/igdb/image/upload/t_thumb/ar5vf.jpg
103292,//images.igdb.com/igdb/image/upload/t_thumb/ar5ve.jpg
103292,//images.igdb.com/igdb/image/upload/t_thumb/ar5vg.jpg
103292,//images.igdb.com/igdb/image/upload/t_thumb/ar5vh.jpg
103292,//images.igdb.com/igdb/image/upload/t_thumb/ar5vi.jpg
103292,//images.igdb.com/igdb/image/upload/t_thumb/ar666.jpg
11169,//images.igdb.com/igdb/image/upload/t_thumb/rn8yyki9o0jh7ossq898.jpg
11169,//images.igdb.com/igdb/image/upload/t_thumb/ar5r0.jpg
11169,//images.igdb.com/igdb/image/upload/t_thumb/ar5s4.jpg
11169,//images.igdb.com/igdb/image/upload/t_thumb/ar5s5.jpg
11169,//images.igdb.com/igdb/image/upload/t_thumb/ar5s6.jpg
11169,//images.igdb.com/igdb/image/upload/t_thumb/ar5s3.jpg
37016,//images.igdb.com/igdb/image/upload/t_thumb/ar4x5.jpg
37016,//images.igdb.com/igdb/image/upload/t_thumb/ar4x7.jpg
37016,//images.igdb.com/igdb/image/upload/t_thumb/qy3wcpfqgxewbtzhzt5y.jpg
37016,//images.igdb.com/igdb/image/upload/t_thumb/us1zxkl318auwirwfeud.jpg
37016,//images.igdb.com/igdb/image/upload/t_thumb/ar4mv.jpg
37016,//images.igdb.com/igdb/image/upload/t_thumb/ar4x6.jpg
37016,//images.igdb.com/igdb/image/upload/t_thumb/ar4x4.jpg
37016,//images.igdb.com/igdb/image/upload/t_thumb/ar4x9.jpg
37016,//images.igdb.com/igdb/image/upload/t_thumb/ar4x8.jpg
89597,//images.igdb.com/igdb/image/upload/t_thumb/ar5bf.jpg
89597,//images.igdb.com/igdb/image/upload/t_thumb/ar5bt.jpg
89597,//images.igdb.com/igdb/image/upload/t_thumb/ar5bu.jpg
89597,//images.igdb.com/igdb/image/upload/t_thumb/ar5bv.jpg
89597,//images.igdb.com/igdb/image/upload/t_thumb/ar5ny.jpg
89597,//images.igdb.com/igdb/image/upload/t_thumb/ar5nz.jpg
89597,//images.igdb.com/igdb/image/upload/t_thumb/ar5o1.jpg
89597,//images.igdb.com/igdb/image/upload/t_thumb/ar5o0.jpg
89597,//images.igdb.com/igdb/image/upload/t_thumb/ar5o2.jpg
89597,//images.igdb.com/igdb/image/upload/t_thumb/ar5o3.jpg
3225,//images.igdb.com/igdb/image/upload/t_thumb/vg61reygvduwka9pv7by.jpg
3225,//images.igdb.com/igdb/image/upload/t_thumb/s81kuicumnoogbv7pmel.jpg
3225,//images.igdb.com/igdb/image/upload/t_thumb/ar63h.jpg
103168,//images.igdb.com/igdb/image/upload/t_thumb/ar51a.jpg
103168,//images.igdb.com/igdb/image/upload/t_thumb/ar51b.jpg
103168,//images.igdb.com/igdb/image/upload/t_thumb/ar5o8.jpg
40477,//images.igdb.com/igdb/image/upload/t_thumb/ar4xd.jpg
7346,//images.igdb.com/igdb/image/upload/t_thumb/qga6lt8evrh5c82lwcmp.jpg
7346,//images.igdb.com/igdb/image/upload/t_thumb/mde1inns4fkt8od3mj1v.jpg
7346,//images.igdb.com/igdb/image/upload/t_thumb/ughxzpluismu7k95wqt9.jpg
7346,//images.igdb.com/igdb/image/upload/t_thumb/k1ufoamwo9mdzy9ooztf.jpg
7346,//images.igdb.com/igdb/image/upload/t_thumb/ll6ilc4n3v6gfbyyx2ke.jpg
7346,//images.igdb.com/igdb/image/upload/t_thumb/njxlywbqrl01zhmeeysk.jpg
7346,//images.igdb.com/igdb/image/upload/t_thumb/ak6iozckwj322sjmxqd4.jpg
7346,//images.igdb.com/igdb/image/upload/t_thumb/ar4t1.jpg
7346,//images.igdb.com/igdb/image/upload/t_thumb/ar4t0.jpg
7346,//images.igdb.com/igdb/image/upload/t_thumb/ar4sz.jpg
7346,//images.igdb.com/igdb/image/upload/t_thumb/fgubhnuapjmdbxwqxhsq.jpg
7346,//images.igdb.com/igdb/image/upload/t_thumb/suaatem3vuyfxs3qxfwk.jpg
14593,//images.igdb.com/igdb/image/upload/t_thumb/yfx8udozg2xathxuzroi.jpg
14593,//images.igdb.com/igdb/image/upload/t_thumb/eygmqwtcvjwc8xpjc8jq.jpg
14593,//images.igdb.com/igdb/image/upload/t_thumb/rdlcclxpscvrpkiq5kkv.jpg
14593,//images.igdb.com/igdb/image/upload/t_thumb/tvfbpcmuonwiugjcbc45.jpg
14593,//images.igdb.com/igdb/image/upload/t_thumb/m18xmrbbbzlmh8bru5lm.jpg
14593,//images.igdb.com/igdb/image/upload/t_thumb/ylrp6zuf9e7tcu1nvuir.jpg
103298,//images.igdb.com/igdb/image/upload/t_thumb/ar4do.jpg
103298,//images.igdb.com/igdb/image/upload/t_thumb/ar56o.jpg
103298,//images.igdb.com/igdb/image/upload/t_thumb/ar5ql.jpg
103298,//images.igdb.com/igdb/image/upload/t_thumb/ar5qz.jpg
533,//images.igdb.com/igdb/image/upload/t_thumb/me4stknssdh7lfmbsyfv.jpg
533,//images.igdb.com/igdb/image/upload/t_thumb/cusuitjtfm0mslybbhgu.jpg
533,//images.igdb.com/igdb/image/upload/t_thumb/eo7zwnf44t6cdgzwljc2.jpg
533,//images.igdb.com/igdb/image/upload/t_thumb/rfxnjmmo5ueswlml7s93.jpg
533,//images.igdb.com/igdb/image/upload/t_thumb/cottvbphlbab5czczl9m.jpg
533,//images.igdb.com/igdb/image/upload/t_thumb/ar5jq.jpg
116530,//images.igdb.com/igdb/image/upload/t_thumb/ar5cm.jpg
116530,//images.igdb.com/igdb/image/upload/t_thumb/ar5co.jpg
116530,//images.igdb.com/igdb/image/upload/t_thumb/ar5cn.jpg
106805,//images.igdb.com/igdb/image/upload/t_thumb/ar661.jpg
11156,//images.igdb.com/igdb/image/upload/t_thumb/jp7zr8lssbsiltamrzix.jpg
11156,//images.igdb.com/igdb/image/upload/t_thumb/x58txvifedxj1so2xi1h.jpg
11156,//images.igdb.com/igdb/image/upload/t_thumb/m9jcdb9kvhwlfoynhkqp.jpg
11156,//images.igdb.com/igdb/image/upload/t_thumb/hcy2y2unlt0js27vvpz3.jpg
11156,//images.igdb.com/igdb/image/upload/t_thumb/h67reentho6dmyzbxjx2.jpg
11156,//images.igdb.com/igdb/image/upload/t_thumb/msab1zst2qocuvtnma6g.jpg
11156,//images.igdb.com/igdb/image/upload/t_thumb/rqopijuy4efwu70gq3vp.jpg
11156,//images.igdb.com/igdb/image/upload/t_thumb/naz7ov85y9hudobelqwm.jpg
11156,//images.igdb.com/igdb/image/upload/t_thumb/oje3grmccdttezyawpby.jpg
11156,//images.igdb.com/igdb/image/upload/t_thumb/bairdkxounllrpbqug2s.jpg
11156,//images.igdb.com/igdb/image/upload/t_thumb/zav2zqd2djtjbyos1gkp.jpg
11156,//images.igdb.com/igdb/image/upload/t_thumb/zobboiwgzzikahd52tre.jpg
26192,//images.igdb.com/igdb/image/upload/t_thumb/ar4s6.jpg
2031,//images.igdb.com/igdb/image/upload/t_thumb/byungok9lvmq6exuu9qn.jpg
2031,//images.igdb.com/igdb/image/upload/t_thumb/lmftkq4ibmbqgsnrqft2.jpg
2031,//images.igdb.com/igdb/image/upload/t_thumb/o51fpqisutxshpppf84n.jpg
2031,//images.igdb.com/igdb/image/upload/t_thumb/v2iea1q2x3gez1mjgt63.jpg
2031,//images.igdb.com/igdb/image/upload/t_thumb/twsxx823amvwpemphqzf.jpg
2031,//images.igdb.com/igdb/image/upload/t_thumb/bpgm3di3ojwivoqfilpe.jpg
2031,//images.igdb.com/igdb/image/upload/t_thumb/xhgonb5tvtv3ha7gydgv.jpg
2031,//images.igdb.com/igdb/image/upload/t_thumb/ksqua1wxeg7ufcffulnq.jpg
2031,//images.igdb.com/igdb/image/upload/t_thumb/vqbkwrpcxyres6ramqqg.jpg
2031,//images.igdb.com/igdb/image/upload/t_thumb/m6psd4l4n2zqykguytzd.jpg
9927,//images.igdb.com/igdb/image/upload/t_thumb/ar4pc.jpg
9927,//images.igdb.com/igdb/image/upload/t_thumb/zuwsl0kqezzzdzn4dhs4.jpg
9927,//images.igdb.com/igdb/image/upload/t_thumb/vnu0tj6shwqgv5gs1hdc.jpg
9927,//images.igdb.com/igdb/image/upload/t_thumb/lpcheu5ndticqahdofdy.jpg
9927,//images.igdb.com/igdb/image/upload/t_thumb/v095khsskhxfgirwzyfz.jpg
9927,//images.igdb.com/igdb/image/upload/t_thumb/ar4pb.jpg
9927,//images.igdb.com/igdb/image/upload/t_thumb/ar4pd.jpg
9927,//images.igdb.com/igdb/image/upload/t_thumb/hv41uaug9qpyhf0ecf9a.jpg
19565,//images.igdb.com/igdb/image/upload/t_thumb/qdf6gzojgbyqywysnntm.jpg
19565,//images.igdb.com/igdb/image/upload/t_thumb/nplsp5hfioqmqhv32shz.jpg
19565,//images.igdb.com/igdb/image/upload/t_thumb/ukvwz28yd7tvokds2btf.jpg
19565,//images.igdb.com/igdb/image/upload/t_thumb/xyrkou2h4zxjnmitk8gi.jpg
19565,//images.igdb.com/igdb/image/upload/t_thumb/b3vsiy5aicbgqznlff8o.jpg
19565,//images.igdb.com/igdb/image/upload/t_thumb/drtsnc0kypn8rzssuxpc.jpg
1593,//images.igdb.com/igdb/image/upload/t_thumb/ar5k1.jpg
87622,//images.igdb.com/igdb/image/upload/t_thumb/ar69x.jpg
87622,//images.igdb.com/igdb/image/upload/t_thumb/ar69u.jpg
87622,//images.igdb.com/igdb/image/upload/t_thumb/ar69v.jpg
87622,//images.igdb.com/igdb/image/upload/t_thumb/ar69w.jpg
87622,//images.igdb.com/igdb/image/upload/t_thumb/ar69y.jpg
87622,//images.igdb.com/igdb/image/upload/t_thumb/ar69z.jpg
87622,//images.igdb.com/igdb/image/upload/t_thumb/ar6a2.jpg
87622,//images.igdb.com/igdb/image/upload/t_thumb/ar6a0.jpg
87622,//images.igdb.com/igdb/image/upload/t_thumb/ar6a3.jpg
87622,//images.igdb.com/igdb/image/upload/t_thumb/ar6a1.jpg
87622,//images.igdb.com/igdb/image/upload/t_thumb/ar6a4.jpg
87622,//images.igdb.com/igdb/image/upload/t_thumb/ar6a5.jpg
113402,//images.igdb.com/igdb/image/upload/t_thumb/ar5ty.jpg
19441,//images.igdb.com/igdb/image/upload/t_thumb/ar4vu.jpg
19441,//images.igdb.com/igdb/image/upload/t_thumb/ar4vy.jpg
19441,//images.igdb.com/igdb/image/upload/t_thumb/ar4vx.jpg
19441,//images.igdb.com/igdb/image/upload/t_thumb/ar4vt.jpg
19441,//images.igdb.com/igdb/image/upload/t_thumb/ar4vs.jpg
19441,//images.igdb.com/igdb/image/upload/t_thumb/ar4vr.jpg
19441,//images.igdb.com/igdb/image/upload/t_thumb/ar4vq.jpg
19441,//images.igdb.com/igdb/image/upload/t_thumb/ar4vv.jpg
19441,//images.igdb.com/igdb/image/upload/t_thumb/ar4vw.jpg
19441,//images.igdb.com/igdb/image/upload/t_thumb/ar4vz.jpg
19441,//images.igdb.com/igdb/image/upload/t_thumb/ar4w0.jpg
121,//images.igdb.com/igdb/image/upload/t_thumb/ar4cx.jpg
27419,//images.igdb.com/igdb/image/upload/t_thumb/ar4nt.jpg
27419,//images.igdb.com/igdb/image/upload/t_thumb/ar4ns.jpg
95340,//images.igdb.com/igdb/image/upload/t_thumb/ar58p.jpg
95340,//images.igdb.com/igdb/image/upload/t_thumb/ar58o.jpg
95340,//images.igdb.com/igdb/image/upload/t_thumb/ar4tv.jpg
68286,//images.igdb.com/igdb/image/upload/t_thumb/ar4xh.jpg
68286,//images.igdb.com/igdb/image/upload/t_thumb/ar4xg.jpg
18167,//images.igdb.com/igdb/image/upload/t_thumb/ttvvipolqq7peji8h49r.jpg
44076,//images.igdb.com/igdb/image/upload/t_thumb/ar654.jpg
3025,//images.igdb.com/igdb/image/upload/t_thumb/rrpwd4gqyivv0co9djzc.jpg
3025,//images.igdb.com/igdb/image/upload/t_thumb/y3kcgc8ykplalrtookfu.jpg
3025,//images.igdb.com/igdb/image/upload/t_thumb/h8cqjcuvgj8sscbjvav4.jpg
3025,//images.igdb.com/igdb/image/upload/t_thumb/y8i47reupimkau8gmtfe.jpg
3025,//images.igdb.com/igdb/image/upload/t_thumb/hvokn4ka2d56z8fekexo.jpg
55282,//images.igdb.com/igdb/image/upload/t_thumb/ar4tx.jpg
55282,//images.igdb.com/igdb/image/upload/t_thumb/ar4ty.jpg
55282,//images.igdb.com/igdb/image/upload/t_thumb/ar4tz.jpg
113113,//images.igdb.com/igdb/image/upload/t_thumb/ar59n.jpg
1342,//images.igdb.com/igdb/image/upload/t_thumb/zwszakjkezbev7sbynvj.jpg
1342,//images.igdb.com/igdb/image/upload/t_thumb/irazniwfkafoll05idhn.jpg
1342,//images.igdb.com/igdb/image/upload/t_thumb/zvkyrj39fg6sf5zvf4sl.jpg
1342,//images.igdb.com/igdb/image/upload/t_thumb/sbwzrxhxbuyptvn6slvt.jpg
1342,//images.igdb.com/igdb/image/upload/t_thumb/hvcjphvbhzfuextnx9pr.jpg
1342,//images.igdb.com/igdb/image/upload/t_thumb/snzb2hiftw87rnygqqih.jpg
1342,//images.igdb.com/igdb/image/upload/t_thumb/htbi1y0mgveo2bnmz37z.jpg
1342,//images.igdb.com/igdb/image/upload/t_thumb/osxrayvstvox7dxgfzdq.jpg
1342,//images.igdb.com/igdb/image/upload/t_thumb/ohc4rrdq4xdfuy6aoyxk.jpg
1342,//images.igdb.com/igdb/image/upload/t_thumb/opo8qvfrc8kxc7rhgo2l.jpg
1342,//images.igdb.com/igdb/image/upload/t_thumb/bp70extum85uf4oerko0.jpg
1009,//images.igdb.com/igdb/image/upload/t_thumb/ltvhgtiiy4vqrefypklp.jpg
1009,//images.igdb.com/igdb/image/upload/t_thumb/wiqrk8nif7zntocaj9vf.jpg
1009,//images.igdb.com/igdb/image/upload/t_thumb/rr8oaw8f0dvghtwkpm9q.jpg
1009,//images.igdb.com/igdb/image/upload/t_thumb/egy0j1mvver1ologgszc.jpg
1009,//images.igdb.com/igdb/image/upload/t_thumb/hai83efwbwhnx1zzkvho.jpg
1009,//images.igdb.com/igdb/image/upload/t_thumb/b1pcvegs5xhr4ud2gjzb.jpg
1009,//images.igdb.com/igdb/image/upload/t_thumb/bgwhpvq8fbdb8mjqerv4.jpg
1009,//images.igdb.com/igdb/image/upload/t_thumb/gcj6j2ys407ellcdnfiz.jpg
1009,//images.igdb.com/igdb/image/upload/t_thumb/anbg68fvmb34pnvw9qjr.jpg
1009,//images.igdb.com/igdb/image/upload/t_thumb/hyzockfwtletkkhnmy7j.jpg
1009,//images.igdb.com/igdb/image/upload/t_thumb/kuwydxadaqizhl1erahs.jpg
1009,//images.igdb.com/igdb/image/upload/t_thumb/vvpnfwbxfuhzkdnu7a7n.jpg
117717,//images.igdb.com/igdb/image/upload/t_thumb/ar5eg.jpg
7331,//images.igdb.com/igdb/image/upload/t_thumb/ar4v3.jpg
7331,//images.igdb.com/igdb/image/upload/t_thumb/ar4v5.jpg
7331,//images.igdb.com/igdb/image/upload/t_thumb/ar4v4.jpg
7331,//images.igdb.com/igdb/image/upload/t_thumb/ar4v7.jpg
7331,//images.igdb.com/igdb/image/upload/t_thumb/ar4v6.jpg
28794,//images.igdb.com/igdb/image/upload/t_thumb/mr5lk1sj5dj6puvakocb.jpg
28794,//images.igdb.com/igdb/image/upload/t_thumb/aawpb9etc7rhdsetthcg.jpg
28794,//images.igdb.com/igdb/image/upload/t_thumb/rvx9otwwrzwkvdlfivad.jpg
28794,//images.igdb.com/igdb/image/upload/t_thumb/coovlzuivql4wnxzyrwj.jpg
28794,//images.igdb.com/igdb/image/upload/t_thumb/v2t2cg2f1os4wz7eyl8z.jpg
28794,//images.igdb.com/igdb/image/upload/t_thumb/v7cnuzuwx5ibhpenzgbm.jpg
3042,//images.igdb.com/igdb/image/upload/t_thumb/ar4h8.jpg
3042,//images.igdb.com/igdb/image/upload/t_thumb/ar5ln.jpg
109129,//images.igdb.com/igdb/image/upload/t_thumb/ar4hd.jpg
109129,//images.igdb.com/igdb/image/upload/t_thumb/ar4hc.jpg
109129,//images.igdb.com/igdb/image/upload/t_thumb/ar4he.jpg
19531,//images.igdb.com/igdb/image/upload/t_thumb/vamtxspkpnlgvucd5e9c.jpg
19531,//images.igdb.com/igdb/image/upload/t_thumb/jgqwjrkrsnzvblllc3t5.jpg
19531,//images.igdb.com/igdb/image/upload/t_thumb/fb5u0conalpnghtnmtvo.jpg
19531,//images.igdb.com/igdb/image/upload/t_thumb/onhrpo6xf37jdjywmtz6.jpg
19531,//images.igdb.com/igdb/image/upload/t_thumb/ar4q2.jpg
19531,//images.igdb.com/igdb/image/upload/t_thumb/xoqcha4nyxjcv1ieoedf.jpg
19531,//images.igdb.com/igdb/image/upload/t_thumb/xulygplf9zfzytu5eyfu.jpg
115280,//images.igdb.com/igdb/image/upload/t_thumb/ar52h.jpg
115280,//images.igdb.com/igdb/image/upload/t_thumb/ar5rq.jpg
115280,//images.igdb.com/igdb/image/upload/t_thumb/ar622.jpg
115280,//images.igdb.com/igdb/image/upload/t_thumb/ar623.jpg
115280,//images.igdb.com/igdb/image/upload/t_thumb/ar625.jpg
115280,//images.igdb.com/igdb/image/upload/t_thumb/ar627.jpg
115280,//images.igdb.com/igdb/image/upload/t_thumb/ar626.jpg
115280,//images.igdb.com/igdb/image/upload/t_thumb/ar628.jpg
115280,//images.igdb.com/igdb/image/upload/t_thumb/ar624.jpg
115280,//images.igdb.com/igdb/image/upload/t_thumb/ar629.jpg
115280,//images.igdb.com/igdb/image/upload/t_thumb/ar62a.jpg
43367,//images.igdb.com/igdb/image/upload/t_thumb/ar4ob.jpg
43367,//images.igdb.com/igdb/image/upload/t_thumb/ar4oa.jpg
37382,//images.igdb.com/igdb/image/upload/t_thumb/ar550.jpg
37382,//images.igdb.com/igdb/image/upload/t_thumb/ar5wd.jpg
37382,//images.igdb.com/igdb/image/upload/t_thumb/ar5we.jpg
37382,//images.igdb.com/igdb/image/upload/t_thumb/ar6cn.jpg
27209,//images.igdb.com/igdb/image/upload/t_thumb/ar5gr.jpg
108778,//images.igdb.com/igdb/image/upload/t_thumb/ar5ed.jpg
28010,//images.igdb.com/igdb/image/upload/t_thumb/ar4df.jpg
1905,//images.igdb.com/igdb/image/upload/t_thumb/ikhcdremszce15do85q2.jpg
1905,//images.igdb.com/igdb/image/upload/t_thumb/x3lcwubljaexogivi5wy.jpg
1905,//images.igdb.com/igdb/image/upload/t_thumb/sjuau3qvqhuqsc0hpk8r.jpg
1905,//images.igdb.com/igdb/image/upload/t_thumb/ar5is.jpg
1905,//images.igdb.com/igdb/image/upload/t_thumb/ar5it.jpg
1905,//images.igdb.com/igdb/image/upload/t_thumb/ar5iu.jpg
1905,//images.igdb.com/igdb/image/upload/t_thumb/ar5iv.jpg
55888,//images.igdb.com/igdb/image/upload/t_thumb/ar5wa.jpg
1802,//images.igdb.com/igdb/image/upload/t_thumb/ax4nubo0ihafgdvwysmm.jpg
1802,//images.igdb.com/igdb/image/upload/t_thumb/owaobdow62mpvn42klha.jpg
1802,//images.igdb.com/igdb/image/upload/t_thumb/ky2skj5rfne9yd4lao6f.jpg
1802,//images.igdb.com/igdb/image/upload/t_thumb/rjfuormt1nwcp81ttfki.jpg
1802,//images.igdb.com/igdb/image/upload/t_thumb/smcxzufsvdiwmfi1kbod.jpg
1802,//images.igdb.com/igdb/image/upload/t_thumb/onlmppmn92gpw4fcnxdp.jpg
1802,//images.igdb.com/igdb/image/upload/t_thumb/zmeqnati6hifnpzjzq2h.jpg
1802,//images.igdb.com/igdb/image/upload/t_thumb/swr4xt4bpuxyy8saohg8.jpg
1802,//images.igdb.com/igdb/image/upload/t_thumb/spllme1csf3lpde5kg8j.jpg
1802,//images.igdb.com/igdb/image/upload/t_thumb/zyry0hysayu50kte8xvx.jpg
112191,//images.igdb.com/igdb/image/upload/t_thumb/ar61h.jpg
41,//images.igdb.com/igdb/image/upload/t_thumb/bhyce8saax7bcz0un3pt.jpg
41,//images.igdb.com/igdb/image/upload/t_thumb/pxkmxvjtksw97abzrxf8.jpg
41,//images.igdb.com/igdb/image/upload/t_thumb/j63bs6fpdt0jqy3jklb5.jpg
41,//images.igdb.com/igdb/image/upload/t_thumb/obit67ksa8j25mfjnpak.jpg
41,//images.igdb.com/igdb/image/upload/t_thumb/ftekwtdzwayn7enzmsml.jpg
41,//images.igdb.com/igdb/image/upload/t_thumb/l8rphpnlo0lnzwomzhtb.jpg
41,//images.igdb.com/igdb/image/upload/t_thumb/u2q90woof7svtatn8o9k.jpg
41,//images.igdb.com/igdb/image/upload/t_thumb/dghbu1marmlar4qhh9nv.jpg
41,//images.igdb.com/igdb/image/upload/t_thumb/bxge2578h7yuwccrroj5.jpg
118218,//images.igdb.com/igdb/image/upload/t_thumb/ar5ie.jpg
118218,//images.igdb.com/igdb/image/upload/t_thumb/ar5if.jpg
118218,//images.igdb.com/igdb/image/upload/t_thumb/ar5ir.jpg
118218,//images.igdb.com/igdb/image/upload/t_thumb/ar5ig.jpg
118218,//images.igdb.com/igdb/image/upload/t_thumb/ar5wm.jpg
118218,//images.igdb.com/igdb/image/upload/t_thumb/ar5wl.jpg
19376,//images.igdb.com/igdb/image/upload/t_thumb/ar4ss.jpg
19376,//images.igdb.com/igdb/image/upload/t_thumb/ar4st.jpg
16992,//images.igdb.com/igdb/image/upload/t_thumb/ar53e.jpg
19133,//images.igdb.com/igdb/image/upload/t_thumb/n7jt9ohg44s1ctwrzddr.jpg
19133,//images.igdb.com/igdb/image/upload/t_thumb/huxsclke8ze880h5m8ku.jpg
9835,//images.igdb.com/igdb/image/upload/t_thumb/ar4o8.jpg
62151,//images.igdb.com/igdb/image/upload/t_thumb/ar4qy.jpg
11171,//images.igdb.com/igdb/image/upload/t_thumb/ar4uf.jpg
11171,//images.igdb.com/igdb/image/upload/t_thumb/aqrpkblyao3babqwjhdh.jpg
11171,//images.igdb.com/igdb/image/upload/t_thumb/ar4uk.jpg
11171,//images.igdb.com/igdb/image/upload/t_thumb/ar4um.jpg
11171,//images.igdb.com/igdb/image/upload/t_thumb/ar4ud.jpg
11171,//images.igdb.com/igdb/image/upload/t_thumb/ar4ui.jpg
11171,//images.igdb.com/igdb/image/upload/t_thumb/ar4uh.jpg
11171,//images.igdb.com/igdb/image/upload/t_thumb/ar4ue.jpg
11171,//images.igdb.com/igdb/image/upload/t_thumb/ar4ug.jpg
11171,//images.igdb.com/igdb/image/upload/t_thumb/ar4uo.jpg
11171,//images.igdb.com/igdb/image/upload/t_thumb/ar4uj.jpg
11171,//images.igdb.com/igdb/image/upload/t_thumb/ar4ul.jpg
28129,//images.igdb.com/igdb/image/upload/t_thumb/ar5tu.jpg
36926,//images.igdb.com/igdb/image/upload/t_thumb/qthzj4fqhky8gk8ajlcb.jpg
36926,//images.igdb.com/igdb/image/upload/t_thumb/fmq11zgoygclmjogegfh.jpg
36926,//images.igdb.com/igdb/image/upload/t_thumb/u3y9wqhlh2ufby0sb6yt.jpg
36926,//images.igdb.com/igdb/image/upload/t_thumb/lyczmwkawvhi7xvolzlv.jpg
2939,//images.igdb.com/igdb/image/upload/t_thumb/ar5l0.jpg
90099,//images.igdb.com/igdb/image/upload/t_thumb/hhugqt4h0g07jxpywark.jpg
90099,//images.igdb.com/igdb/image/upload/t_thumb/kdko5asynsf0f9kahe3t.jpg
90099,//images.igdb.com/igdb/image/upload/t_thumb/ar4hu.jpg
90099,//images.igdb.com/igdb/image/upload/t_thumb/ax6ihadf1p3k80vxwied.jpg
90099,//images.igdb.com/igdb/image/upload/t_thumb/hys8vycdxdmlohk3jpqn.jpg
90099,//images.igdb.com/igdb/image/upload/t_thumb/ar4xn.jpg
90099,//images.igdb.com/igdb/image/upload/t_thumb/ar4xo.jpg
90099,//images.igdb.com/igdb/image/upload/t_thumb/hh4hssb4wwgbitm3tz1b.jpg
90099,//images.igdb.com/igdb/image/upload/t_thumb/ar4hv.jpg
90099,//images.igdb.com/igdb/image/upload/t_thumb/ar5cf.jpg
90099,//images.igdb.com/igdb/image/upload/t_thumb/ar5wh.jpg
7350,//images.igdb.com/igdb/image/upload/t_thumb/ar5jc.jpg
9498,//images.igdb.com/igdb/image/upload/t_thumb/ql70xeygnwjhlum1fsu6.jpg
9498,//images.igdb.com/igdb/image/upload/t_thumb/iqx7khtbqfnbrm7bhgqp.jpg
9498,//images.igdb.com/igdb/image/upload/t_thumb/xru0cnovvyohqlotqlzx.jpg
9498,//images.igdb.com/igdb/image/upload/t_thumb/rtjoouh3fadm2795e457.jpg
9498,//images.igdb.com/igdb/image/upload/t_thumb/k061gnvnr07cyomwwela.jpg
9498,//images.igdb.com/igdb/image/upload/t_thumb/uoceriqsquowad5zqyxt.jpg
9498,//images.igdb.com/igdb/image/upload/t_thumb/wcqe5tifxlsqfhzhenvq.jpg
9498,//images.igdb.com/igdb/image/upload/t_thumb/ar4gv.jpg
9498,//images.igdb.com/igdb/image/upload/t_thumb/h5d0ubpci53dl70a7bb5.jpg
9498,//images.igdb.com/igdb/image/upload/t_thumb/ar4gu.jpg
9498,//images.igdb.com/igdb/image/upload/t_thumb/t3rhoz2zuajubr30vijc.jpg
9498,//images.igdb.com/igdb/image/upload/t_thumb/wxbitc3wnybopwvhvz8n.jpg
9498,//images.igdb.com/igdb/image/upload/t_thumb/ar5jt.jpg
1887,//images.igdb.com/igdb/image/upload/t_thumb/hxsgzjry5l2p0ocmzvy6.jpg
1887,//images.igdb.com/igdb/image/upload/t_thumb/zcu2sjon9067fmvm36cg.jpg
1887,//images.igdb.com/igdb/image/upload/t_thumb/cbgi2a23yyzpzfhry3ez.jpg
1887,//images.igdb.com/igdb/image/upload/t_thumb/evay7zekyrsiagfamafd.jpg
1887,//images.igdb.com/igdb/image/upload/t_thumb/gjjvmgiqwgyvov77usij.jpg
1887,//images.igdb.com/igdb/image/upload/t_thumb/ifvmnouyvxsq7hdwb9ec.jpg
1887,//images.igdb.com/igdb/image/upload/t_thumb/ofl3cyawcsjvy6mh5obd.jpg
1887,//images.igdb.com/igdb/image/upload/t_thumb/ota6vp7bj4mi00rp2qrs.jpg
1887,//images.igdb.com/igdb/image/upload/t_thumb/k5f2dopeerizhqeheng5.jpg
1887,//images.igdb.com/igdb/image/upload/t_thumb/vvuannux9iaibjuzxlp5.jpg
1887,//images.igdb.com/igdb/image/upload/t_thumb/jojdj7whxnmsdocgazga.jpg
1887,//images.igdb.com/igdb/image/upload/t_thumb/rynthzue6yv7isvi8bkm.jpg
10239,//images.igdb.com/igdb/image/upload/t_thumb/ar5kw.jpg
103328,//images.igdb.com/igdb/image/upload/t_thumb/ar5mj.jpg
87975,//images.igdb.com/igdb/image/upload/t_thumb/ar4yb.jpg
107614,//images.igdb.com/igdb/image/upload/t_thumb/ar4f9.jpg
472,//images.igdb.com/igdb/image/upload/t_thumb/eh5ythnopfxa6hrcmd5v.jpg
472,//images.igdb.com/igdb/image/upload/t_thumb/p5nul4inxjpvi05tnn1r.jpg
472,//images.igdb.com/igdb/image/upload/t_thumb/c7mid4aolyj7fboecnuu.jpg
472,//images.igdb.com/igdb/image/upload/t_thumb/tplycmyhelqc4kx8lxzn.jpg
472,//images.igdb.com/igdb/image/upload/t_thumb/dootpbeulmf5yxwqulvx.jpg
472,//images.igdb.com/igdb/image/upload/t_thumb/ksgt1c400zmgamznhh9h.jpg
472,//images.igdb.com/igdb/image/upload/t_thumb/snmb2kvu6uz2vr7uzgzp.jpg
472,//images.igdb.com/igdb/image/upload/t_thumb/beb3c77tggywfbygohpg.jpg
472,//images.igdb.com/igdb/image/upload/t_thumb/ypfrlwt0ybgkbx6fsprq.jpg
472,//images.igdb.com/igdb/image/upload/t_thumb/egrcjzat6ssiuymf0pwb.jpg
472,//images.igdb.com/igdb/image/upload/t_thumb/bblukgqk83m8xqimar6h.jpg
472,//images.igdb.com/igdb/image/upload/t_thumb/q6d8jv0yflv8hbomthqm.jpg
28552,//images.igdb.com/igdb/image/upload/t_thumb/i7adjuwclpntebfte65b.jpg
28552,//images.igdb.com/igdb/image/upload/t_thumb/ffn47vxu8iairznyafqo.jpg
28552,//images.igdb.com/igdb/image/upload/t_thumb/amc5fltww0vyrqtysihf.jpg
28552,//images.igdb.com/igdb/image/upload/t_thumb/lwle5gawjk2kqk4nsi76.jpg
28552,//images.igdb.com/igdb/image/upload/t_thumb/ko21kn3mzxrchw56juse.jpg
28552,//images.igdb.com/igdb/image/upload/t_thumb/h6r6yszhom7sblp9m6us.jpg
28552,//images.igdb.com/igdb/image/upload/t_thumb/ys1i3y79966fkxqtfxne.jpg
28552,//images.igdb.com/igdb/image/upload/t_thumb/nywntbarejcds46xpacf.jpg
28552,//images.igdb.com/igdb/image/upload/t_thumb/owgffw75xzem1pnzcifg.jpg
28552,//images.igdb.com/igdb/image/upload/t_thumb/xqcokzme1czf9d5ozgmw.jpg
26870,//images.igdb.com/igdb/image/upload/t_thumb/ar4oz.jpg
14362,//images.igdb.com/igdb/image/upload/t_thumb/ar5gf.jpg
14362,//images.igdb.com/igdb/image/upload/t_thumb/ar5gh.jpg
14362,//images.igdb.com/igdb/image/upload/t_thumb/ar5gk.jpg
14362,//images.igdb.com/igdb/image/upload/t_thumb/ar5gi.jpg
14362,//images.igdb.com/igdb/image/upload/t_thumb/ar5gl.jpg
14362,//images.igdb.com/igdb/image/upload/t_thumb/plcseyqlfvsot1ezxym5.jpg
14362,//images.igdb.com/igdb/image/upload/t_thumb/ar5gg.jpg
14362,//images.igdb.com/igdb/image/upload/t_thumb/ar5gd.jpg
14362,//images.igdb.com/igdb/image/upload/t_thumb/ar5gj.jpg
14362,//images.igdb.com/igdb/image/upload/t_thumb/ar5gm.jpg
14362,//images.igdb.com/igdb/image/upload/t_thumb/ar5ge.jpg
14362,//images.igdb.com/igdb/image/upload/t_thumb/ar5gc.jpg
14362,//images.igdb.com/igdb/image/upload/t_thumb/ar6d9.jpg
7276,//images.igdb.com/igdb/image/upload/t_thumb/fjygex4otprwatos3ylk.jpg
7276,//images.igdb.com/igdb/image/upload/t_thumb/t3tvpfd5vnpcbf4o1cwa.jpg
7276,//images.igdb.com/igdb/image/upload/t_thumb/qrycmcnaxglcj4rvpkcz.jpg
7276,//images.igdb.com/igdb/image/upload/t_thumb/x8zaylhjru9plvsb7twp.jpg
7276,//images.igdb.com/igdb/image/upload/t_thumb/ji0v4p3xdhcraq6spxg4.jpg
7276,//images.igdb.com/igdb/image/upload/t_thumb/koarslwlb9dz0i6glz9x.jpg
7276,//images.igdb.com/igdb/image/upload/t_thumb/edfgsmjmnrocu3v9aljp.jpg
7276,//images.igdb.com/igdb/image/upload/t_thumb/egmzrzdvqlxrwalhzxpm.jpg
7276,//images.igdb.com/igdb/image/upload/t_thumb/fx3oyhme1efkhw2ahf53.jpg
7276,//images.igdb.com/igdb/image/upload/t_thumb/mfeeiyrntimpsy1kofnj.jpg
12517,//images.igdb.com/igdb/image/upload/t_thumb/ar4vc.jpg
107218,//images.igdb.com/igdb/image/upload/t_thumb/ar4dn.jpg
68287,//images.igdb.com/igdb/image/upload/t_thumb/uidiwkf55ratspicfwhu.jpg
103281,//images.igdb.com/igdb/image/upload/t_thumb/ar5nj.jpg
18918,//images.igdb.com/igdb/image/upload/t_thumb/ar57p.jpg
58075,//images.igdb.com/igdb/image/upload/t_thumb/ar4oj.jpg
58075,//images.igdb.com/igdb/image/upload/t_thumb/ar4oh.jpg
58075,//images.igdb.com/igdb/image/upload/t_thumb/ar4oi.jpg
58075,//images.igdb.com/igdb/image/upload/t_thumb/ar4ol.jpg
58075,//images.igdb.com/igdb/image/upload/t_thumb/ar4ok.jpg
111253,//images.igdb.com/igdb/image/upload/t_thumb/ar572.jpg
111253,//images.igdb.com/igdb/image/upload/t_thumb/ar573.jpg
111253,//images.igdb.com/igdb/image/upload/t_thumb/ar575.jpg
111253,//images.igdb.com/igdb/image/upload/t_thumb/ar574.jpg
111253,//images.igdb.com/igdb/image/upload/t_thumb/ar56t.jpg
111253,//images.igdb.com/igdb/image/upload/t_thumb/ar56u.jpg
7351,//images.igdb.com/igdb/image/upload/t_thumb/fx7kjtcwrzfo1aekrpbr.jpg
7351,//images.igdb.com/igdb/image/upload/t_thumb/s5dcira6sexyq57nefy6.jpg
7351,//images.igdb.com/igdb/image/upload/t_thumb/ftyj9da8qkqylcdauh0c.jpg
7351,//images.igdb.com/igdb/image/upload/t_thumb/ar4h6.jpg
7351,//images.igdb.com/igdb/image/upload/t_thumb/mavvejxtjxt8hhlkiwcb.jpg
7351,//images.igdb.com/igdb/image/upload/t_thumb/v5k9tattgspoxtgyqkn1.jpg
7351,//images.igdb.com/igdb/image/upload/t_thumb/c7fgtkmb1zk3e0kobng7.jpg
7351,//images.igdb.com/igdb/image/upload/t_thumb/rutlchhfhfdl3oia20r5.jpg
7351,//images.igdb.com/igdb/image/upload/t_thumb/trn7cqzflqx84att97hr.jpg
7351,//images.igdb.com/igdb/image/upload/t_thumb/cbsblb3kv3zecvrjy5us.jpg
7351,//images.igdb.com/igdb/image/upload/t_thumb/ar5n6.jpg
76882,//images.igdb.com/igdb/image/upload/t_thumb/ar5ji.jpg
76882,//images.igdb.com/igdb/image/upload/t_thumb/ar5ez.jpg
76882,//images.igdb.com/igdb/image/upload/t_thumb/ar5f4.jpg
76882,//images.igdb.com/igdb/image/upload/t_thumb/ar5f6.jpg
76882,//images.igdb.com/igdb/image/upload/t_thumb/ar5f3.jpg
76882,//images.igdb.com/igdb/image/upload/t_thumb/ar5f1.jpg
76882,//images.igdb.com/igdb/image/upload/t_thumb/ar5f0.jpg
76882,//images.igdb.com/igdb/image/upload/t_thumb/ar5f2.jpg
76882,//images.igdb.com/igdb/image/upload/t_thumb/ar5ex.jpg
76882,//images.igdb.com/igdb/image/upload/t_thumb/ar5ey.jpg
76882,//images.igdb.com/igdb/image/upload/t_thumb/ar5f5.jpg
76882,//images.igdb.com/igdb/image/upload/t_thumb/ar5f7.jpg
1985,//images.igdb.com/igdb/image/upload/t_thumb/gwv8yucvlgstvbg66ic0.jpg
1985,//images.igdb.com/igdb/image/upload/t_thumb/x6ig1ylsv6qqmi1kvevh.jpg
1985,//images.igdb.com/igdb/image/upload/t_thumb/uvfy0ayhytk7fkcbsmis.jpg
1985,//images.igdb.com/igdb/image/upload/t_thumb/rlmdltyzjseguqrvuhkm.jpg
1985,//images.igdb.com/igdb/image/upload/t_thumb/zez8bmu9qamlmdkhxmm1.jpg
1985,//images.igdb.com/igdb/image/upload/t_thumb/xxtuln4je4m3zyqhzzre.jpg
1985,//images.igdb.com/igdb/image/upload/t_thumb/ar546.jpg
1985,//images.igdb.com/igdb/image/upload/t_thumb/ftgwqyyufaoynqtkxiky.jpg
1985,//images.igdb.com/igdb/image/upload/t_thumb/ar6cp.jpg
1985,//images.igdb.com/igdb/image/upload/t_thumb/ar6cq.jpg
1985,//images.igdb.com/igdb/image/upload/t_thumb/ar6cr.jpg
1985,//images.igdb.com/igdb/image/upload/t_thumb/ar6cs.jpg
103054,//images.igdb.com/igdb/image/upload/t_thumb/c6i5jb9ucyec1fak1kni.jpg
103054,//images.igdb.com/igdb/image/upload/t_thumb/ph0f34mny5dc3h2pdidz.jpg
103054,//images.igdb.com/igdb/image/upload/t_thumb/ar4hy.jpg
103054,//images.igdb.com/igdb/image/upload/t_thumb/e9irhuudfu35eddwhxps.jpg
103054,//images.igdb.com/igdb/image/upload/t_thumb/gk0jam9nmeb5p7ifvvyo.jpg
103054,//images.igdb.com/igdb/image/upload/t_thumb/gaynboyx7mlsgoudkh8a.jpg
103054,//images.igdb.com/igdb/image/upload/t_thumb/cvggsmtdobh8pkl8ajhv.jpg
103054,//images.igdb.com/igdb/image/upload/t_thumb/ar4hx.jpg
103054,//images.igdb.com/igdb/image/upload/t_thumb/ar4hz.jpg
113109,//images.igdb.com/igdb/image/upload/t_thumb/ar4ni.jpg
26758,//images.igdb.com/igdb/image/upload/t_thumb/oe0hmt38prtysolbvzks.jpg
26758,//images.igdb.com/igdb/image/upload/t_thumb/xgp4q9imiqjzvjsmftu1.jpg
26758,//images.igdb.com/igdb/image/upload/t_thumb/vapxvj2ifan0ouuw7ksd.jpg
26758,//images.igdb.com/igdb/image/upload/t_thumb/hriz7w8t0miezwopnmty.jpg
26758,//images.igdb.com/igdb/image/upload/t_thumb/ag3ukomdxscrk7qnze0g.jpg
26758,//images.igdb.com/igdb/image/upload/t_thumb/lymumhy07tlqyprs0zrn.jpg
26758,//images.igdb.com/igdb/image/upload/t_thumb/fygteyk1h66mtk6prfhj.jpg
26758,//images.igdb.com/igdb/image/upload/t_thumb/buisfmajyc12br1hzjfw.jpg
26758,//images.igdb.com/igdb/image/upload/t_thumb/senpgpjooi9fwhysffv1.jpg
26758,//images.igdb.com/igdb/image/upload/t_thumb/ar4ry.jpg
26758,//images.igdb.com/igdb/image/upload/t_thumb/ar4rz.jpg
26758,//images.igdb.com/igdb/image/upload/t_thumb/ar4s0.jpg
26758,//images.igdb.com/igdb/image/upload/t_thumb/xckqu6txd6ffgcwm6hyc.jpg
26658,//images.igdb.com/igdb/image/upload/t_thumb/ar4dy.jpg
20331,//images.igdb.com/igdb/image/upload/t_thumb/ar5ke.jpg
90101,//images.igdb.com/igdb/image/upload/t_thumb/puvsuhbiqmzsqj0xtgwm.jpg
90101,//images.igdb.com/igdb/image/upload/t_thumb/j0izprggutart2oqbhkh.jpg
19085,//images.igdb.com/igdb/image/upload/t_thumb/ar5ii.jpg
19085,//images.igdb.com/igdb/image/upload/t_thumb/ar5im.jpg
19085,//images.igdb.com/igdb/image/upload/t_thumb/ar5ik.jpg
19085,//images.igdb.com/igdb/image/upload/t_thumb/ar5ij.jpg
19085,//images.igdb.com/igdb/image/upload/t_thumb/ar5il.jpg
18841,//images.igdb.com/igdb/image/upload/t_thumb/ar5y5.jpg
18841,//images.igdb.com/igdb/image/upload/t_thumb/ar5y6.jpg
18841,//images.igdb.com/igdb/image/upload/t_thumb/ar5y8.jpg
18841,//images.igdb.com/igdb/image/upload/t_thumb/ar5y7.jpg
18841,//images.igdb.com/igdb/image/upload/t_thumb/ar5y9.jpg
115301,//images.igdb.com/igdb/image/upload/t_thumb/ar53i.jpg
7599,//images.igdb.com/igdb/image/upload/t_thumb/gqhcognbsyjsis2gtjd0.jpg
7599,//images.igdb.com/igdb/image/upload/t_thumb/vxfyp1yrxnqrfgde0xrp.jpg
7599,//images.igdb.com/igdb/image/upload/t_thumb/rpkccuav9vxjvqeq7fna.jpg
7599,//images.igdb.com/igdb/image/upload/t_thumb/bt8k0rwmxbluyyshy23b.jpg
7599,//images.igdb.com/igdb/image/upload/t_thumb/jgcvwof0dzaeefepced0.jpg
7599,//images.igdb.com/igdb/image/upload/t_thumb/crxojvaubwpamep5x2qo.jpg
7599,//images.igdb.com/igdb/image/upload/t_thumb/r0ipmsgeacflkc54tsbe.jpg
7599,//images.igdb.com/igdb/image/upload/t_thumb/tekof3yee9vi5zusvgbu.jpg
7599,//images.igdb.com/igdb/image/upload/t_thumb/j6emrrkk52lebu55il1l.jpg
7599,//images.igdb.com/igdb/image/upload/t_thumb/pn2wkho1un4rxpsczqxz.jpg
7599,//images.igdb.com/igdb/image/upload/t_thumb/ci2xzlfvm3knc4ibefxe.jpg
7599,//images.igdb.com/igdb/image/upload/t_thumb/inouolrwoxadibhpzuwf.jpg
27378,//images.igdb.com/igdb/image/upload/t_thumb/ar4j1.jpg
27378,//images.igdb.com/igdb/image/upload/t_thumb/ar4j9.jpg
27378,//images.igdb.com/igdb/image/upload/t_thumb/ar4j5.jpg
27378,//images.igdb.com/igdb/image/upload/t_thumb/ar4j7.jpg
27378,//images.igdb.com/igdb/image/upload/t_thumb/ar4j6.jpg
27378,//images.igdb.com/igdb/image/upload/t_thumb/ar4jc.jpg
27378,//images.igdb.com/igdb/image/upload/t_thumb/ar4j2.jpg
27378,//images.igdb.com/igdb/image/upload/t_thumb/ar4j8.jpg
27378,//images.igdb.com/igdb/image/upload/t_thumb/ar4jb.jpg
27378,//images.igdb.com/igdb/image/upload/t_thumb/ar4j3.jpg
27378,//images.igdb.com/igdb/image/upload/t_thumb/ar4ja.jpg
27378,//images.igdb.com/igdb/image/upload/t_thumb/ar4j4.jpg
1352,//images.igdb.com/igdb/image/upload/t_thumb/hwnjiwo3mookxjxpuler.jpg
1352,//images.igdb.com/igdb/image/upload/t_thumb/wbqiacfvz9tybz2xkvq6.jpg
1352,//images.igdb.com/igdb/image/upload/t_thumb/zl3fejxnms0vc5ggvugi.jpg
1352,//images.igdb.com/igdb/image/upload/t_thumb/osfmmqyc3nkf8ahkrw9b.jpg
1352,//images.igdb.com/igdb/image/upload/t_thumb/rvvvakz9bfovqmz0iq9m.jpg
1352,//images.igdb.com/igdb/image/upload/t_thumb/gvdadnl6c3wv1vfjoclx.jpg
1352,//images.igdb.com/igdb/image/upload/t_thumb/ar4jg.jpg
1352,//images.igdb.com/igdb/image/upload/t_thumb/spcbrvdv4jgittwiotrp.jpg
1352,//images.igdb.com/igdb/image/upload/t_thumb/g5kj40c0drtes2eafmf7.jpg
1352,//images.igdb.com/igdb/image/upload/t_thumb/hzjyixtxakdbltne2ips.jpg
1352,//images.igdb.com/igdb/image/upload/t_thumb/evqu3ma8mxwgpfirhyod.jpg
1352,//images.igdb.com/igdb/image/upload/t_thumb/ekdes6jgjmwwfwlxpx6f.jpg
18020,//images.igdb.com/igdb/image/upload/t_thumb/ar49x.jpg
114285,//images.igdb.com/igdb/image/upload/t_thumb/ar600.jpg
114285,//images.igdb.com/igdb/image/upload/t_thumb/ar5zy.jpg
114285,//images.igdb.com/igdb/image/upload/t_thumb/ar5zz.jpg
27316,//images.igdb.com/igdb/image/upload/t_thumb/gfkheoygxkovwv63zgc2.jpg
27316,//images.igdb.com/igdb/image/upload/t_thumb/ar4dh.jpg
27316,//images.igdb.com/igdb/image/upload/t_thumb/ar4dg.jpg
27316,//images.igdb.com/igdb/image/upload/t_thumb/ar5j3.jpg
11668,//images.igdb.com/igdb/image/upload/t_thumb/ar4qr.jpg
11668,//images.igdb.com/igdb/image/upload/t_thumb/ar5d9.jpg
114795,//images.igdb.com/igdb/image/upload/t_thumb/ar4zo.jpg
114795,//images.igdb.com/igdb/image/upload/t_thumb/ar4zn.jpg
114795,//images.igdb.com/igdb/image/upload/t_thumb/ar4zp.jpg
114795,//images.igdb.com/igdb/image/upload/t_thumb/ar4zu.jpg
114795,//images.igdb.com/igdb/image/upload/t_thumb/ar4zq.jpg
114795,//images.igdb.com/igdb/image/upload/t_thumb/ar4zs.jpg
114795,//images.igdb.com/igdb/image/upload/t_thumb/ar4zt.jpg
114795,//images.igdb.com/igdb/image/upload/t_thumb/ar4zr.jpg
114795,//images.igdb.com/igdb/image/upload/t_thumb/ar5gt.jpg
114795,//images.igdb.com/igdb/image/upload/t_thumb/ar5gs.jpg
114795,//images.igdb.com/igdb/image/upload/t_thumb/ar5gu.jpg
119507,//images.igdb.com/igdb/image/upload/t_thumb/ar67v.jpg
1121,//images.igdb.com/igdb/image/upload/t_thumb/jvogcdeimlxllndny4vq.jpg
1121,//images.igdb.com/igdb/image/upload/t_thumb/gj8oe5z0gu9mkxbhid59.jpg
1121,//images.igdb.com/igdb/image/upload/t_thumb/e2dz5xpqliosycy7inss.jpg
1121,//images.igdb.com/igdb/image/upload/t_thumb/rltdt2oifc7rmasrfsed.jpg
1121,//images.igdb.com/igdb/image/upload/t_thumb/guh87pt7xfctokp5qyiy.jpg
1121,//images.igdb.com/igdb/image/upload/t_thumb/atc5907xifnbbhxgd2s0.jpg
1121,//images.igdb.com/igdb/image/upload/t_thumb/qxmjl4sppgje0atfif11.jpg
1121,//images.igdb.com/igdb/image/upload/t_thumb/sqa1caouymc0wrikatjk.jpg
1121,//images.igdb.com/igdb/image/upload/t_thumb/yzdj3pouuoqeqkpz2snm.jpg
1121,//images.igdb.com/igdb/image/upload/t_thumb/t1imevjgkx0ghfqzm5n3.jpg
1121,//images.igdb.com/igdb/image/upload/t_thumb/z4nr0sh5ibw36ssubypu.jpg
538,//images.igdb.com/igdb/image/upload/t_thumb/o7t7pnnez27yyjy87bng.jpg
538,//images.igdb.com/igdb/image/upload/t_thumb/al30rsuepww7jzveb1wc.jpg
538,//images.igdb.com/igdb/image/upload/t_thumb/rlxu9hcehipxx6pcaetb.jpg
538,//images.igdb.com/igdb/image/upload/t_thumb/rrcgbkynxfveglumhtlb.jpg
538,//images.igdb.com/igdb/image/upload/t_thumb/xscif8lgle8q0btafaxv.jpg
538,//images.igdb.com/igdb/image/upload/t_thumb/ar4gm.jpg
538,//images.igdb.com/igdb/image/upload/t_thumb/exerovfrar6ctqavgxib.jpg
538,//images.igdb.com/igdb/image/upload/t_thumb/ri4xiq4eniv6idnrxk3p.jpg
501,//images.igdb.com/igdb/image/upload/t_thumb/ahsndnerkjgrdqbteigi.jpg
501,//images.igdb.com/igdb/image/upload/t_thumb/loiwtipwfab87zwubl4p.jpg
501,//images.igdb.com/igdb/image/upload/t_thumb/n4q7l8crpzpwm2x1yqou.jpg
501,//images.igdb.com/igdb/image/upload/t_thumb/ilmvjltwv62wdxjndfib.jpg
501,//images.igdb.com/igdb/image/upload/t_thumb/taa8gji9zcvh2x0igerb.jpg
501,//images.igdb.com/igdb/image/upload/t_thumb/lxxy5zfdhbnltvpdzqsv.jpg
501,//images.igdb.com/igdb/image/upload/t_thumb/azosqpwfzku7klzfazt4.jpg
501,//images.igdb.com/igdb/image/upload/t_thumb/ckqywdqvs3fd6nf0jneg.jpg
501,//images.igdb.com/igdb/image/upload/t_thumb/tq08bqaup1ehcsikmm0h.jpg
501,//images.igdb.com/igdb/image/upload/t_thumb/oxinfkrdjj32z4uoijsi.jpg
501,//images.igdb.com/igdb/image/upload/t_thumb/nhbutx5tbe6cyqi9qx74.jpg
501,//images.igdb.com/igdb/image/upload/t_thumb/dj3hfcubcuvrvmshcqkb.jpg
11208,//images.igdb.com/igdb/image/upload/t_thumb/npzkrvfpuhzkm5iudyax.jpg
11208,//images.igdb.com/igdb/image/upload/t_thumb/rwnkxayspwqqqdojptxx.jpg
11208,//images.igdb.com/igdb/image/upload/t_thumb/odo9d54dmfivebhp9f9v.jpg
11208,//images.igdb.com/igdb/image/upload/t_thumb/vs2dj7rxsxgehcuq9gmb.jpg
11208,//images.igdb.com/igdb/image/upload/t_thumb/mg2psdb1i6gosejsnugx.jpg
11208,//images.igdb.com/igdb/image/upload/t_thumb/ar5l1.jpg
11118,//images.igdb.com/igdb/image/upload/t_thumb/u3p48yxlf1xuuzqvg6qq.jpg
11118,//images.igdb.com/igdb/image/upload/t_thumb/umvdqfrwbddemjoasfjy.jpg
11118,//images.igdb.com/igdb/image/upload/t_thumb/yxdraojq0ai3pw1outhw.jpg
11118,//images.igdb.com/igdb/image/upload/t_thumb/bqp7heaxckcuml1qwkif.jpg
11118,//images.igdb.com/igdb/image/upload/t_thumb/ruo0hcvkidomchy7f3zt.jpg
11118,//images.igdb.com/igdb/image/upload/t_thumb/zh27p980ugmvfyaojxgy.jpg
11118,//images.igdb.com/igdb/image/upload/t_thumb/big1voqiiqpuky30qbtk.jpg
11118,//images.igdb.com/igdb/image/upload/t_thumb/wx6nr1casbvtw8wvfkxf.jpg
11118,//images.igdb.com/igdb/image/upload/t_thumb/ppqktedywbhntqxtmyvk.jpg
11118,//images.igdb.com/igdb/image/upload/t_thumb/qznzefyj7saa76xgyvut.jpg
11118,//images.igdb.com/igdb/image/upload/t_thumb/e37zc90kozctthtfcvsi.jpg
17000,//images.igdb.com/igdb/image/upload/t_thumb/ar5l8.jpg
11292,//images.igdb.com/igdb/image/upload/t_thumb/mdu130qvxyjzoxrxzzho.jpg
11292,//images.igdb.com/igdb/image/upload/t_thumb/mlk9mdqwoln0dmqhlhte.jpg
11292,//images.igdb.com/igdb/image/upload/t_thumb/jf8x8isd4akf2awj9utf.jpg
11292,//images.igdb.com/igdb/image/upload/t_thumb/o3x6pdho5kriv5d0locj.jpg
11292,//images.igdb.com/igdb/image/upload/t_thumb/dfyezd5t0jbli65isp1o.jpg
11292,//images.igdb.com/igdb/image/upload/t_thumb/kjj6ei4i7arcf5r60llh.jpg
11292,//images.igdb.com/igdb/image/upload/t_thumb/gpg14gabnbwoddcixvja.jpg
11292,//images.igdb.com/igdb/image/upload/t_thumb/bs2p5e6qr21gxc9tfvmj.jpg
109274,//images.igdb.com/igdb/image/upload/t_thumb/lr8y2sgpil1zcsakci46.jpg
109274,//images.igdb.com/igdb/image/upload/t_thumb/rddyxpqrwpclivzquvzp.jpg
109274,//images.igdb.com/igdb/image/upload/t_thumb/wuw3dho5zqw6yw8ezoxe.jpg
109274,//images.igdb.com/igdb/image/upload/t_thumb/mcnltkj2mghao1hkzci6.jpg
76253,//images.igdb.com/igdb/image/upload/t_thumb/ar4cr.jpg
76253,//images.igdb.com/igdb/image/upload/t_thumb/ax9lyfpbxc8hea1pk60q.jpg
76253,//images.igdb.com/igdb/image/upload/t_thumb/opqlt8rig1fubmxindp2.jpg
76253,//images.igdb.com/igdb/image/upload/t_thumb/jwchwchrnszotvhcfzji.jpg
76253,//images.igdb.com/igdb/image/upload/t_thumb/gszwggqaia6o7zntd9gu.jpg
76253,//images.igdb.com/igdb/image/upload/t_thumb/ar5md.jpg
76253,//images.igdb.com/igdb/image/upload/t_thumb/srzyyz4tf47cg6iqhq91.jpg
76253,//images.igdb.com/igdb/image/upload/t_thumb/ar5fo.jpg
76253,//images.igdb.com/igdb/image/upload/t_thumb/ar5fq.jpg
76253,//images.igdb.com/igdb/image/upload/t_thumb/ar5fr.jpg
76253,//images.igdb.com/igdb/image/upload/t_thumb/ar5ft.jpg
76253,//images.igdb.com/igdb/image/upload/t_thumb/ar5fp.jpg
359,//images.igdb.com/igdb/image/upload/t_thumb/wiunmlasofmzlsi2hfh4.jpg
359,//images.igdb.com/igdb/image/upload/t_thumb/vjafw5tga3ll1lj4ahs8.jpg
359,//images.igdb.com/igdb/image/upload/t_thumb/z2s6wdctotnovis8jjuj.jpg
359,//images.igdb.com/igdb/image/upload/t_thumb/cieut6zylj0j5vzre6sp.jpg
359,//images.igdb.com/igdb/image/upload/t_thumb/zlpkfaepg8mzvvmk6okl.jpg
359,//images.igdb.com/igdb/image/upload/t_thumb/g9tjski0amsdlixf6ken.jpg
359,//images.igdb.com/igdb/image/upload/t_thumb/ycpkjl5pmk9muulri0dx.jpg
359,//images.igdb.com/igdb/image/upload/t_thumb/xhpnz1aqi6youzan0cck.jpg
359,//images.igdb.com/igdb/image/upload/t_thumb/nil2soy90qyt7wagrusg.jpg
359,//images.igdb.com/igdb/image/upload/t_thumb/hckc6cevpkg4yzue6bmh.jpg
359,//images.igdb.com/igdb/image/upload/t_thumb/ufiapiipso4bc0sdtwul.jpg
11162,//images.igdb.com/igdb/image/upload/t_thumb/ar4ie.jpg
11162,//images.igdb.com/igdb/image/upload/t_thumb/ar4if.jpg
11162,//images.igdb.com/igdb/image/upload/t_thumb/ar4ic.jpg
11162,//images.igdb.com/igdb/image/upload/t_thumb/ar4id.jpg
11162,//images.igdb.com/igdb/image/upload/t_thumb/ar5jb.jpg
11162,//images.igdb.com/igdb/image/upload/t_thumb/ar5sj.jpg
4843,//images.igdb.com/igdb/image/upload/t_thumb/ar5m6.jpg
7334,//images.igdb.com/igdb/image/upload/t_thumb/vfr2itwdvysg2inqqvv9.jpg
7334,//images.igdb.com/igdb/image/upload/t_thumb/djgvpqboykw0ir8yq57d.jpg
7334,//images.igdb.com/igdb/image/upload/t_thumb/fuuhia7acrtoawy8ybio.jpg
7334,//images.igdb.com/igdb/image/upload/t_thumb/xtzxyg3xmlhf5nwboamn.jpg
7334,//images.igdb.com/igdb/image/upload/t_thumb/sfarzj5zaqpy8yx50sfm.jpg
7334,//images.igdb.com/igdb/image/upload/t_thumb/ej4dcisqaefeqc1ju4by.jpg
7334,//images.igdb.com/igdb/image/upload/t_thumb/a4sajgspwkjoa715f98z.jpg
7334,//images.igdb.com/igdb/image/upload/t_thumb/ajxsy7djbrxbwibavlt0.jpg
17446,//images.igdb.com/igdb/image/upload/t_thumb/ar5rr.jpg
28540,//images.igdb.com/igdb/image/upload/t_thumb/nf3xu5ocoaicrujfycpw.jpg
28540,//images.igdb.com/igdb/image/upload/t_thumb/vjm2bwouw6hh4gizsjug.jpg
28540,//images.igdb.com/igdb/image/upload/t_thumb/zgprzjf0yieuyxcyghuu.jpg
28540,//images.igdb.com/igdb/image/upload/t_thumb/wdvwfae7csju1m4hctzj.jpg
28540,//images.igdb.com/igdb/image/upload/t_thumb/pddrzpggmmxdl1znhnrn.jpg
28540,//images.igdb.com/igdb/image/upload/t_thumb/vqz9mvpetoht25zaumti.jpg
28540,//images.igdb.com/igdb/image/upload/t_thumb/kjmvkltpe5douzbnbviw.jpg
28540,//images.igdb.com/igdb/image/upload/t_thumb/odjibvslksmko7szxtqm.jpg
28540,//images.igdb.com/igdb/image/upload/t_thumb/ztqbpukmtmsxbebtgoyp.jpg
28540,//images.igdb.com/igdb/image/upload/t_thumb/jmicqarbeoi5sv2uqvsl.jpg
28540,//images.igdb.com/igdb/image/upload/t_thumb/ilpgw3ylfntqqz53vvwc.jpg
28540,//images.igdb.com/igdb/image/upload/t_thumb/qfki0gsgjtqwrl7sgcqj.jpg
1011,//images.igdb.com/igdb/image/upload/t_thumb/qiqr9c6y1z5amdxowri6.jpg
1011,//images.igdb.com/igdb/image/upload/t_thumb/bcfe0wi4uafakcwzzwf7.jpg
1011,//images.igdb.com/igdb/image/upload/t_thumb/orcpmk0dze3pttsgvznj.jpg
1011,//images.igdb.com/igdb/image/upload/t_thumb/pc74wogsfjwwmz3vl54h.jpg
1011,//images.igdb.com/igdb/image/upload/t_thumb/vphjffestszq5pydnou1.jpg
1011,//images.igdb.com/igdb/image/upload/t_thumb/jakcswssjib1ftna1mjj.jpg
1011,//images.igdb.com/igdb/image/upload/t_thumb/gh2rt4dnr5ssmdg8kark.jpg
5503,//images.igdb.com/igdb/image/upload/t_thumb/bq8wvd8vxoe2xi3uht6u.jpg
5503,//images.igdb.com/igdb/image/upload/t_thumb/i8xdpzypif2ihuxk5cbx.jpg
5503,//images.igdb.com/igdb/image/upload/t_thumb/zgmbapy6qsnp9jzim9vy.jpg
5503,//images.igdb.com/igdb/image/upload/t_thumb/dzvgvng8rvm0mlulkk2m.jpg
5503,//images.igdb.com/igdb/image/upload/t_thumb/vkexducgogmh3ennssrd.jpg
5503,//images.igdb.com/igdb/image/upload/t_thumb/nr77aejrms6l9ratykc0.jpg
5503,//images.igdb.com/igdb/image/upload/t_thumb/p6c1ywz7u3r5o5bn8gmd.jpg
5503,//images.igdb.com/igdb/image/upload/t_thumb/ar5n3.jpg
74701,//images.igdb.com/igdb/image/upload/t_thumb/ar5o4.jpg
74701,//images.igdb.com/igdb/image/upload/t_thumb/ar5o5.jpg
74701,//images.igdb.com/igdb/image/upload/t_thumb/ar5o7.jpg
74701,//images.igdb.com/igdb/image/upload/t_thumb/ar5o6.jpg
7323,//images.igdb.com/igdb/image/upload/t_thumb/hqwugddn7hjo9ptqx61o.jpg
7323,//images.igdb.com/igdb/image/upload/t_thumb/owdxbrcyrxvpvexpvgo9.jpg
7323,//images.igdb.com/igdb/image/upload/t_thumb/lltvl3e59fetainziuyy.jpg
7323,//images.igdb.com/igdb/image/upload/t_thumb/pumcltja56te0aelmqyp.jpg
7323,//images.igdb.com/igdb/image/upload/t_thumb/xsrjrvnew4g9qkqiqnr0.jpg
7323,//images.igdb.com/igdb/image/upload/t_thumb/nbe18l12qoqinekx7mmj.jpg
7323,//images.igdb.com/igdb/image/upload/t_thumb/gmnunyoy6jbit0lyry1c.jpg
7323,//images.igdb.com/igdb/image/upload/t_thumb/almmpjat8g192jbtepsn.jpg
7323,//images.igdb.com/igdb/image/upload/t_thumb/jnjtsmdmkf02zx4fsmzc.jpg
7323,//images.igdb.com/igdb/image/upload/t_thumb/zeqyz9ly3ffw59nojhdj.jpg
7323,//images.igdb.com/igdb/image/upload/t_thumb/urmjm9if7jsvagzfsggh.jpg
7323,//images.igdb.com/igdb/image/upload/t_thumb/uqdhskrf0mjk23nlyacl.jpg
17479,//images.igdb.com/igdb/image/upload/t_thumb/ar4f3.jpg
17479,//images.igdb.com/igdb/image/upload/t_thumb/ar4f0.jpg
17479,//images.igdb.com/igdb/image/upload/t_thumb/ar4f1.jpg
17479,//images.igdb.com/igdb/image/upload/t_thumb/ar4ez.jpg
17479,//images.igdb.com/igdb/image/upload/t_thumb/ar4f2.jpg
19686,//images.igdb.com/igdb/image/upload/t_thumb/ar4hs.jpg
19686,//images.igdb.com/igdb/image/upload/t_thumb/etm6ksk0sxjhziwgj6gr.jpg
19686,//images.igdb.com/igdb/image/upload/t_thumb/qqrtgvipdy3t5xgc5u6q.jpg
19686,//images.igdb.com/igdb/image/upload/t_thumb/khh2zjxxjgsmsqrwiuhb.jpg
19686,//images.igdb.com/igdb/image/upload/t_thumb/ar4xu.jpg
19686,//images.igdb.com/igdb/image/upload/t_thumb/t5zwtubl4loolxwmkvhy.jpg
19686,//images.igdb.com/igdb/image/upload/t_thumb/ar4tr.jpg
16999,//images.igdb.com/igdb/image/upload/t_thumb/kxwrcnqgh1nffr9vg4ly.jpg
16999,//images.igdb.com/igdb/image/upload/t_thumb/tbenllfh4mpgsmhyzbm9.jpg
16999,//images.igdb.com/igdb/image/upload/t_thumb/ar5m0.jpg
101211,//images.igdb.com/igdb/image/upload/t_thumb/ar5jf.jpg
101211,//images.igdb.com/igdb/image/upload/t_thumb/ar555.jpg
101211,//images.igdb.com/igdb/image/upload/t_thumb/ar5jm.jpg
11550,//images.igdb.com/igdb/image/upload/t_thumb/npnwazonr5qwcvxmpatm.jpg
11550,//images.igdb.com/igdb/image/upload/t_thumb/mlnyoyzgppu1snvipwsw.jpg
11550,//images.igdb.com/igdb/image/upload/t_thumb/ntjal3wgj5wbwpby4hrq.jpg
11550,//images.igdb.com/igdb/image/upload/t_thumb/fjoydrtnfguvjno13kcs.jpg
11550,//images.igdb.com/igdb/image/upload/t_thumb/pu9cr1hr1mhno0ext2si.jpg
11550,//images.igdb.com/igdb/image/upload/t_thumb/uodzpi4hnpin45wxtbx3.jpg
11550,//images.igdb.com/igdb/image/upload/t_thumb/zd0iianw5x6adicjr4xs.jpg
11550,//images.igdb.com/igdb/image/upload/t_thumb/qrkiybsovv1rhws7olxy.jpg
11550,//images.igdb.com/igdb/image/upload/t_thumb/i3frtqhe7scjkigo9kpo.jpg
